Store Name,Address,City,Format,Comment
Магнит 947387,"Московская обл, Балашиха г, Фадеева ул, 19А",,Undefined,No match; needs manual map lookup
Магнит 852965,"Саратовская обл, Энгельс г, Трудовая ул, 8А",,Undefined,No match; needs manual map lookup
Магнит 777934,"Московская обл, Одинцово г, Звенигород г, Поречье мкр, 7",,Undefined,No match; needs manual map lookup
Магнит 878817,"Свердловская обл, Екатеринбург г, 22 Партсъезда ул, 10",,Undefined,No match; needs manual map lookup
Магнит 747401,"Воронежская обл, Воронеж г, Калининец тер ДНТ, 1 линия, 52",,Undefined,No match; needs manual map lookup
Магнит 680933,"Московская обл, Домодедово г",,Undefined,No match; needs manual map lookup
Магнит 702718,"Воронежская обл, Семилукский р-н, Семилуки г, Транспортная ул, 14/5",,Undefined,No match; needs manual map lookup
Магнит 671345,"Курская обл, Железногорский р-н, Тепличный п, Лесная ул, 16",,Undefined,No match; needs manual map lookup
Магнит 618660,"Волгоградская обл, Волгоград г, Качинцев ул, 97",,Undefined,No match; needs manual map lookup
Магнит 667537,"Санкт-Петербург г, Дыбенко ул, 2, к 1",,Undefined,No match; needs manual map lookup
Магнит 581769,"Москва г, Коммунарка р-н, Коммунарка п, Лазурная ул, 7",,Undefined,No match; needs manual map lookup
Магнит 579267,"Московская обл, Подольск г, Железнодорожная ул, 2",,Undefined,No match; needs manual map lookup
Магнит 572012,"Воронежская обл, Нововоронеж г, Космонавтов ул, 24",,Undefined,No match; needs manual map lookup
Магнит 479669,"Москва г, Внуково р-н, Аэростатная ул, 15, к 9",,Undefined,No match; needs manual map lookup
Магнит 478990,"Удмуртия, Игринский р-н, Чутырь с, Советская ул, 53Б",,Undefined,No match; needs manual map lookup
Магнит 418699,"Москва г, Шереметьевская ул, 13, к 1",,Undefined,No match; needs manual map lookup
Магнит 330694,"Новосибирская обл, Новосибирск г, Золотая Горка тер. СНТ, 63/2",,Undefined,No match; needs manual map lookup
Магнит 158802,"Московская обл, Видное г, Развилка п, Римский пр-д, 15",,Undefined,No match; needs manual map lookup
Магнит 143721,"Нижегородская обл, Семенов г, Беласовка д, Школьная ул, 2А",,Undefined,No match; needs manual map lookup
Магнит 889374,"Московская обл, Можайск г, Ватутина ул, 8А",,Undefined,No match; needs manual map lookup
Магнит 820014,"Краснодарский край, Мостовский р-н, Переправная ст-ца, Кузнецова ул, 45А",,Undefined,No match; needs manual map lookup
Магнит 851701,"Ростовская обл, Ростов-на-Дону г, 10-й Лазоревый пер, 27",,Undefined,No match; needs manual map lookup
Магнит 792639,"Калмыкия, Элиста г, Ю.Клыкова ул, 126",,Undefined,No match; needs manual map lookup
Магнит 780383,"Московская обл, Ногинск г, Рыбхоз п, Бисерово-парк мкр, 1А",,Undefined,No match; needs manual map lookup
Магнит 784117,"Ханты-Мансийский АО, Югорск г, Железнодорожная ул, 35А",,Undefined,No match; needs manual map lookup
Магнит 837991,"Московская обл, Подольск г, Профсоюзная ул, 1В",,Undefined,No match; needs manual map lookup
Магнит 787564,"Нижегородская обл, Нижний Новгород г, Сазанова ул, 17",,Undefined,No match; needs manual map lookup
Магнит 713938,"Ивановская обл, Вичуга г, Богдана Хмельницкого ул, 9А",,Undefined,No match; needs manual map lookup
Магнит 754482,"Алтайский край, Чарышский р-н, Чарышское с, Театральный пер, 1",,Undefined,No match; needs manual map lookup
Магнит 649549,"Вологодская обл, Вологда г, Гагарина ул, 72",,Undefined,No match; needs manual map lookup
Магнит 603728,"Москва г, 2-й Нагатинский проезд, 2/3",,Undefined,No match; needs manual map lookup
Магнит 588015,"Воронежская обл, Воронеж г, Острогожская ул, 168/2",,Undefined,No match; needs manual map lookup
Магнит 569266,"Мурманская обл, Ловозерский р-н, Ревда пгт, Металлургов ул, 3",,Undefined,No match; needs manual map lookup
Магнит 453466,"Коми, Сыктывкар г, Мира ул, 15",,Undefined,No match; needs manual map lookup
Магнит 302470,"Удмуртия, Ижевск г, им Татьяны Барамзиной ул, 74А",,Undefined,No match; needs manual map lookup
Магнит 357726,"Москва г, Филимонковский р-н, Московский г, Лаптева ул, 9",,Undefined,No match; needs manual map lookup
Магнит 290604,"Москва г, Новокосинская ул, 32",,Undefined,No match; needs manual map lookup
Магнит 249979,"Ростовская обл, Ростов-на-Дону г, Заводская ул, 31/2",,Undefined,No match; needs manual map lookup
Магнит 319631,"Ярославская обл, Ярославль г, Октября пр-кт, 46",,Undefined,No match; needs manual map lookup
Магнит 234384,"Ленинградская обл, Всеволожский р-н, Кудрово г, Столичная ул, 4, к 3",,Undefined,No match; needs manual map lookup
Магнит 157464,"Пензенская обл, Пенза г, Измайлова ул, 38, к 6",,Undefined,No match; needs manual map lookup
Магнит 109066,"Санкт-Петербург г, Орбитальная ул, 11, стр 1",,Undefined,No match; needs manual map lookup
Магнит 810124,"Ярославская обл, Ярославский р-н, Туношна с, Костромская ул, 7",,Undefined,No match; needs manual map lookup
Магнит 819483,"Ленинградская обл, Всеволожский р-н, имени Морозова гп, Первомайская ул, 3",,Undefined,No match; needs manual map lookup
Магнит 803392,"Орловская обл, Дмитровский р-н, Дмитровск г, Советская ул, 105А",,Undefined,No match; needs manual map lookup
Магнит 870018,"Алтайский край, Барнаул г, Власихинская ул, 117",,Undefined,No match; needs manual map lookup
Магнит 760756,"Ханты-Мансийский АО, Мегион г",,Undefined,No match; needs manual map lookup
Магнит 653321,"Пензенская обл, Заречный г, Ленина ул, 60А",,Undefined,No match; needs manual map lookup
Магнит 688692,"Московская обл, Красногорск г, Александровская ул, 4",,Undefined,No match; needs manual map lookup
Магнит 682872,"Челябинская обл, Копейск г, Комсомольская ул, 35",,Undefined,No match; needs manual map lookup
Магнит 629323,"Пермский край, Пермь г, Молдавская ул, 3",,Undefined,No match; needs manual map lookup
Магнит 704061,"Красноярский край, Лесосибирск г, Привокзальная ул, 78",,Undefined,No match; needs manual map lookup
Магнит 428433,"Краснодарский край, Динской р-н, Южный п, Платановая ул, 24А",,Undefined,No match; needs manual map lookup
Магнит 388594,"Курская обл, Курчатов г, Набережная ул, 19",,Undefined,No match; needs manual map lookup
Магнит 392756,"Курганская обл, Шадринский р-н, Красная Нива с, Школьная ул, 5А",,Undefined,No match; needs manual map lookup
Магнит 290741,"Московская обл, Талдом г, Высочки д, 15А",,Undefined,No match; needs manual map lookup
Магнит 201718,"Нижегородская обл, Нижний Новгород г, Культуры ул, 107",,Undefined,No match; needs manual map lookup
Магнит 169419,"Санкт-Петербург г, Кораблестроителей ул, 33, стр А",,Undefined,No match; needs manual map lookup
Магнит 62999,"Пермский край, Оханский р-н, Оханск г, Кирова ул, 16",,Undefined,No match; needs manual map lookup
Магнит 80870,"Новосибирская обл, Новосибирск г, Ипподромская ул, 12",,Undefined,No match; needs manual map lookup
Магнит 73792,"Курская обл, Курск г, Литовская ул, 2К",,Undefined,No match; needs manual map lookup
Магнит 943809,"Татарстан, Альметьевский р-н, Альметьевск г, Ленина ул, 109А",,Undefined,No match; needs manual map lookup
Магнит 935394,"Санкт-Петербург г, Ждановская ул, 45, стр А",,Undefined,No match; needs manual map lookup
Магнит 857520,"Свердловская обл, Екатеринбург г, Шефская ул, 93, к 1",,Undefined,No match; needs manual map lookup
Магнит 850772,"Кировская обл, Кирово-Чепецкий р-н, Шутовщина д, Ботаническая ул, 6",,Undefined,No match; needs manual map lookup
Магнит 801080,"Москва г, Чоботовская ул, 2, к 2",,Undefined,No match; needs manual map lookup
Магнит 892050,"Московская обл, Королёв г, Горького ул, 14Г",,Undefined,No match; needs manual map lookup
Магнит 942017,"Москва г, Любучанский пер, 1, к 1",,Undefined,No match; needs manual map lookup
Магнит 817304,"Удмуртия, Ижевск г, Базарная пл, 1, к 1",,Undefined,No match; needs manual map lookup
Магнит 733445,"Краснодарский край, Сочи г, Ленина ул, 264, к 1А",,Undefined,No match; needs manual map lookup
Магнит 718149,"Московская обл, Балашиха г, Чистопольская ул, 24",,Undefined,No match; needs manual map lookup
Магнит 639771,"Владимирская обл, Александровский р-н, Автодорога Площево-Струнино тер, 25, стр 2",,Undefined,No match; needs manual map lookup
Магнит 612435,"Ярославская обл, Ярославль г, Фрунзе пр-кт, 42",,Undefined,No match; needs manual map lookup
Магнит 593918,"Иркутская обл, Ангарск г, 17 кв-л, 20А",,Undefined,No match; needs manual map lookup
Магнит 627546,"Чувашия, Чебоксарский р-н, Альгешево с",,Undefined,No match; needs manual map lookup
Магнит 589491,"Ростовская обл, Азовский р-н, Самарское с, Жданова пер, 91",,Undefined,No match; needs manual map lookup
Магнит 481707,"Пермский край, Чернушинский р-н, Чернушка г, Ленина ул, 123",,Undefined,No match; needs manual map lookup
Магнит 492928,"Московская обл, Котельники г, Парковый мкр, Парковый, 14",,Undefined,No match; needs manual map lookup
Магнит 352416,"Санкт-Петербург г, Маршала Казакова ул, 78, к 1, стр А",,Undefined,No match; needs manual map lookup
Магнит 422467,"Москва г, Пришвина ул, 3",,Undefined,No match; needs manual map lookup
Магнит 380595,"Москва г, Коммунарка р-н, Куприна пр-кт, 7, к 1",,Undefined,No match; needs manual map lookup
Магнит 280458,"Липецкая обл, Задонский р-н, Задонск г, Советская ул, 24А",,Undefined,No match; needs manual map lookup
Магнит 280207,"Вологодская обл, Череповец г, Раахе ул",,Undefined,No match; needs manual map lookup
Магнит 282490,"Оренбургская обл, Оренбург г, Цвиллинга ул, 23А",,Undefined,No match; needs manual map lookup
Магнит 234387,"Липецкая обл, Чаплыгинский р-н, Новополянье с, Центральная ул, 97",,Undefined,No match; needs manual map lookup
Магнит 209629,"Санкт-Петербург г, Ветеранов пр-кт, 171, к 1, стр 1",,Undefined,No match; needs manual map lookup
Магнит 163523,"Брянская обл, Жуковский р-н, Жуковка г, Карла Маркса ул, 46",,Undefined,No match; needs manual map lookup
Магнит 197701,"Тульская обл, Богородицкий р-н, Богородицк г, Ленина ул, 26В",,Undefined,No match; needs manual map lookup
Магнит 152824,"Самарская обл, Кинельский р-н, Алакаевка с, Юбилейная ул, 7",,Undefined,No match; needs manual map lookup
Магнит 120788,"Татарстан, Набережные Челны г, им Вахитова пр-кт, 8",,Undefined,No match; needs manual map lookup
Магнит 111387,"Татарстан, Казань г, Ярдем ул, 23",,Undefined,No match; needs manual map lookup
Магнит 139861,"Иркутская обл, Иркутск г, Киренская ул, стр 61",,Undefined,No match; needs manual map lookup
Магнит 53706,"Свердловская обл, Верхняя Пышма г, Петрова ул, 11/2А",,Undefined,No match; needs manual map lookup
